Retail & Consumer Products,Call Centre & Customer Service,Hospitality & Tourism,Banking & Financial Services,"Manufacturing, Transport & Logistics",Sales,Administration & Office Support,Trades & Services,Accounting,Real Estate & Property,Healthcare & Medical,Marketing & Communications,Government & Defence,Information & Communication Technology,Education & Training,Community Services & Development,"Mining, Resources & Energy",Human Resources & Recruitment,Insurance & Superannuation,Engineering,CEO & General Management,Design & Architecture,Legal,Construction,Sport & Recreation,Science & Technology,"Advertising, Arts & Media","Farming, Animals & Conservation",Self Employment,Consulting & Strategy
store,customer,cafe,financial,driver,sale,administration,required,accountant,property,care,marketing,service,contract,teacher,support,mining,hr,claim,project,manager,design,firm,project,fitness,data,medium,farm,earn,business
retail,service,casual,service,forklift,business,assistant,service,business,manager,nurse,communication,officer,project,school,care,roster,recruitment,insurance,engineer,service,project,law,manager,personal,laboratory,digital,animal,calendar,project
customer,sale,restaurant,business,operator,manager,office,qualified,finance,management,health,manager,project,business,early,community,operator,business,manager,engineering,leadership,designer,legal,construction,trainer,environmental,agency,hand,christmas,change
manager,centre,cook,manager,warehouse,account,support,maintenance,account,real,registered,digital,support,developer,educator,worker,mine,consultant,management,design,business,architect,lawyer,commercial,club,research,manager,manager,extra,manager
sale,call,barista,risk,required,customer,service,fitter,financial,estate,practice,brand,government,analyst,centre,service,fifo,manager,service,civil,lead,senior,leading,builder,training,project,account,required,income,senior
assistant,business,bar,client,client,development,administrator,technician,officer,sale,service,business,management,client,education,people,required,service,cbd,consultancy,operation,interior,senior,site,manager,scientist,content,nursery,period,strategy
service,skill,café,bank,ongoing,service,receptionist,electrician,firm,agency,aged,medium,health,service,childhood,disability,project,organisation,leading,senior,executive,practice,commercial,required,motivated,support,client,operation,pop,management
brand,client,chef,customer,shift,industry,customer,mechanic,senior,portfolio,permanent,strategy,permanent,senior,learning,life,fitter,professional,portfolio,manager,general,graphic,practice,civil,people,technical,creative,dog,provides,analyst
casual,officer,waiter,leading,day,leading,officer,trade,service,development,medical,coordinator,community,manager,passionate,home,perth,contract,customer,service,organisation,working,client,contract,coach,science,leading,industry,retailer,consultant
fashion,contact,waitress,analyst,production,consultant,business,apprentice,manager,office,hospital,leading,manager,cbd,student,provide,underground,support,life,sydney,management,sydney,secretary,sydney,sport,product,brand,working,largest,client
passionate,professional,hand,banking,truck,global,administrative,labourer,payroll,support,clinical,campaign,council,engineer,teaching,client,operation,people,worker,leading,ceo,revit,national,tier,passionate,global,service,fantastic,australia,service
lead,support,kitchen,management,casual,growing,admin,project,organisation,leading,required,event,contract,organisation,service,family,engineer,leading,client,electrical,growth,leading,associate,leading,health,leading,business,casual,club,contract
retailer,inbound,manager,finance,leading,client,client,workshop,leading,commercial,dental,contract,employment,government,child,make,site,development,sydney,mechanical,leader,studio,partner,contractor,highly,manager,production,groomer,business,leading
people,people,service,senior,manufacturing,leader,contract,client,accounting,fantastic,assistant,global,provide,support,qualified,employment,maintenance,sydney,professional,infrastructure,community,contract,year,senior,sale,contract,advertising,management,broker,lead
want,face,food,sydney,service,market,professional,year,client,project,manager,product,type,data,support,program,contract,client,industry,system,strategic,creative,sydney,estimator,group,client,australia,day,mortgage,strategic
fun,environment,melbourne,compliance,business,growth,executive,industry,contract,assistant,casual,growing,lead,large,care,child,permanent,culture,insurer,lead,leading,firm,cbd,operator,instructor,service,event,salon,next,organisation
christmas,consultant,sydney,global,worker,product,project,leading,cbd,business,community,social,classification,leading,program,difference,plant,growing,manage,melbourne,responsible,digital,corporate,supervisor,want,senior,talented,worker,lending,program
business,growing,hotel,support,operation,professional,cbd,commercial,management,senior,leading,organisation,senior,solution,research,organisation,service,partner,compensation,development,support,residential,litigation,residential,centre,industry,marketing,production,level,policy
environment,cbd,bartender,professional,transport,management,organisation,vehicle,growing,agent,professional,australia,development,sydney,casual,passionate,diesel,cbd,business,contract,project,melbourne,global,administrator,enthusiastic,quality,journalist,service,supercharge,across
management,fantastic,hospitality,cbd,suburb,solution,sale,electrical,payable,facility,australia,project,department,system,year,young,leading,resource,working,global,director,ux,property,building,member,business,growing,environment,take,transformation
